word,total,big_bang_theory,breaking_bad,game_of_thrones,office,south_park
get,14370,5012,2181,1017,4146,2014
know,14043,4944,1909,1723,4206,1261
go,12862,4800,1341,1325,4099,1297
right,8535,2650,1473,620,2875,917
think,8513,3195,869,861,2737,851
want,7985,2971,713,1360,2164,777
well,7771,3645,681,673,2107,665
say,7483,2941,880,844,2063,755
good,6602,2191,838,940,2170,463
come,5803,1738,688,1037,1648,692
make,5792,2280,513,816,1514,669
would,5691,2096,521,1023,1700,351
see,5357,1927,552,892,1375,611
take,4915,1610,567,909,1292,537
really,4825,1892,420,151,1831,531
tell,4814,1654,678,870,1231,381
time,4490,1577,446,659,1258,550
let,4465,1589,432,496,1442,506
look,4356,1619,553,475,1257,452
need,4293,1252,523,724,1222,572
thing,4035,1319,488,505,1238,485
could,3951,1520,408,622,1087,314
guy,3746,1305,439,5,1355,642
mean,3623,1328,674,282,1023,316
back,3527,1054,420,603,1066,384
talk,3423,1288,513,241,1005,376
work,3191,1250,352,182,1072,335
little,3161,1255,274,403,858,371
give,3097,1029,380,616,814,258
people,3072,810,146,464,926,726
man,2934,619,476,864,809,166
way,2843,869,363,477,826,308
call,2834,880,417,244,1017,276
something,2576,942,352,236,761,285
never,2530,850,186,724,604,166
day,2436,627,257,431,819,302
try,2427,936,225,252,600,414
love,2359,862,92,396,797,212
like,2270,881,164,303,759,163
sure,2263,966,267,211,571,248
great,2192,789,112,271,832,188
maybe,2176,888,322,152,607,207
sorry,2109,864,222,161,636,226
okay,2088,693,327,1,821,246
find,2085,706,220,431,460,268
even,2052,740,262,247,536,267
much,2005,699,246,300,602,158
start,2003,1011,154,161,426,251
leave,1941,544,272,445,513,167
year,1881,778,123,277,575,128
put,1871,686,227,201,561,196
friend,1862,889,62,281,471,159
help,1837,661,211,312,392,261
feel,1830,823,159,125,544,179
hear,1822,573,212,373,485,179
big,1789,745,200,111,545,188
use,1780,708,162,192,491,227
ask,1771,725,187,292,436,131
happen,1726,601,243,239,435,208
still,1711,691,189,285,394,152
keep,1680,509,275,308,409,179
ever,1658,499,142,384,481,152
night,1646,815,116,235,340,140
first,1639,650,134,272,446,137
name,1570,404,191,429,419,127
stop,1545,495,149,216,474,211
anything,1539,517,197,174,456,195
kind,1536,633,171,122,453,157
lot,1524,515,129,130,566,184
last,1513,490,169,318,406,130
life,1497,541,91,336,379,150
wait,1478,688,141,171,370,108
bad,1470,567,131,163,435,174
girl,1460,543,36,449,244,188
nothing,1428,429,214,302,338,145
actually,1423,560,130,30,546,157
new,1412,520,128,161,453,150
please,1408,408,180,173,477,170
woman,1401,629,26,301,303,142
long,1379,419,142,392,318,108
kid,1375,455,205,2,388,325
believe,1372,574,114,266,253,165
kill,1365,176,187,702,146,154
home,1347,468,169,259,305,146
one,1340,451,131,385,284,89
everyone,1297,254,41,145,445,412
always,1293,462,112,321,302,96
bring,1218,379,134,326,279,100
might,1215,515,112,166,300,122
someone,1213,481,94,181,316,141
nice,1204,560,98,58,393,95
play,1187,590,57,87,327,126
place,1180,355,141,202,339,143
everything,1166,307,160,148,327,224
show,1164,461,100,108,313,182
meet,1125,488,79,166,314,78
thanks,1123,441,130,32,421,99
fine,1112,450,147,87,334,94
best,1082,370,103,135,361,113
money,1071,334,310,70,242,115
baby,1062,394,91,98,333,146
fun,1057,585,19,10,355,88
wrong,1056,434,99,134,244,145
care,1048,367,104,129,272,176
turn,1042,420,117,127,274,104
understand,1036,350,154,157,222,153
live,1028,421,81,227,161,138
move,1025,452,112,105,258,98
today,1021,217,90,94,499,121
sound,1019,469,91,64,321,74
idea,1018,355,93,58,417,95
pretty,1016,449,92,81,293,101
job,1013,240,97,41,487,148
father,1011,172,31,715,58,35
watch,1010,413,77,200,236,84
hey,1007,233,127,24,449,174
enough,1005,308,138,258,202,99
guess,1005,442,133,23,299,108
head,1005,271,135,232,275,92
course,1004,474,72,199,186,73
old,1002,274,89,252,295,92
whole,1000,457,127,68,250,98
men,984,106,40,729,84,25
die,974,187,50,487,163,87
together,965,386,63,136,267,113
mother,959,469,47,328,73,42
hold,954,320,96,212,251,75
away,947,297,85,205,266,94
happy,946,435,56,122,253,80
many,935,206,57,367,225,80
boy,934,209,67,462,90,106
run,931,296,144,134,242,115
else,924,276,118,149,259,122
next,916,378,124,71,286,57
hand,914,267,98,198,268,83
question,912,410,68,85,286,63
break,898,357,103,81,243,114
sit,880,327,83,124,259,87
listen,877,272,140,100,223,142
word,872,283,109,226,198,56
fight,870,140,22,576,88,44
real,863,249,98,89,317,110
family,859,149,173,257,183,97
stay,859,316,97,177,207,62
room,851,366,52,69,296,68
problem,849,353,99,38,226,133
point,841,399,85,52,247,58
party,840,331,33,14,419,43
remember,840,272,111,198,196,63
child,839,181,51,350,112,145
world,836,214,52,283,161,126
office,834,122,47,1,632,32
brother,828,138,30,561,79,20
eat,823,373,55,90,231,74
end,823,243,84,190,233,73
face,819,257,62,150,221,129
house,809,214,183,139,135,138
mind,803,356,90,101,194,62
minute,803,297,125,14,269,98
lady,797,163,29,418,145,42
stuff,796,260,112,8,261,155
hard,795,287,66,108,218,116
may,793,347,85,175,168,18
change,791,314,103,60,189,125
son,791,102,105,411,74,99
dead,789,117,94,380,114,84
lose,785,209,59,192,229,96
suppose,785,301,92,131,179,82
thank,784,284,81,71,304,44
buy,783,317,102,66,246,52
everybody,777,153,51,21,460,92
must,771,215,44,303,138,71
second,763,232,81,62,319,69
matter,761,261,79,176,134,111
part,758,319,64,84,227,64
saw,756,199,64,264,159,70
build,752,576,19,96,39,22
date,751,470,11,1,257,12
seem,747,249,66,122,214,96
school,744,180,64,1,139,360
anyone,740,200,54,150,216,120
game,739,332,30,85,221,71
hot,738,433,25,16,219,45
already,737,241,95,121,217,63
business,734,97,168,27,356,86
also,732,339,31,35,257,70
send,724,170,51,232,200,71
pay,715,156,153,161,172,73
wan,706,29,162,1,351,163
week,705,200,127,45,249,84
probably,701,269,80,42,252,58
check,697,251,118,12,259,57
hour,696,266,92,43,246,49
hell,695,159,222,35,125,154
deal,689,199,122,56,192,120
open,678,280,59,111,149,79
true,677,226,27,193,167,64
begin,673,529,18,66,42,18
paper,672,187,29,10,412,34
walk,668,225,74,115,208,46
king,665,25,8,602,29,1
person,656,209,63,84,223,77
morning,646,254,71,59,201,61
plan,640,215,73,100,191,61
mom,630,290,44,9,161,126
ready,629,236,73,85,170,65
pick,626,318,76,29,181,22
stand,626,188,41,186,134,77
miss,622,250,56,62,194,60
drive,618,272,86,16,201,43
ta,617,53,181,3,230,150
speak,613,169,65,225,93,61
stupid,600,186,42,68,194,110
yeah,597,164,59,9,303,62
exactly,592,212,109,38,186,47
tonight,591,262,29,59,201,40
order,590,177,44,144,149,76
worry,588,262,69,64,120,73
wear,586,264,29,55,158,80
forget,585,198,54,103,181,49
sleep,585,308,40,86,117,34
close,579,185,62,92,203,37
funny,579,220,12,29,208,110
fire,575,97,32,140,275,31
marry,568,284,11,168,100,5
sell,568,107,123,62,203,73
company,564,82,32,40,364,46
drink,562,211,28,143,147,33
yet,559,187,65,106,158,43
eye,558,187,71,148,127,25
um,558,207,65,11,237,38
wife,557,155,59,138,137,68
god,553,48,8,246,229,22
write,551,205,44,42,197,63
number,549,195,63,29,222,40
correct,548,435,14,38,43,18
hope,546,197,42,102,135,70
spend,545,282,45,64,129,25
set,542,199,54,93,139,57
bit,539,125,25,130,200,59
book,539,324,28,51,103,33
reason,537,215,61,83,133,45
read,532,247,21,66,162,36
learn,530,148,33,133,165,51
hit,523,164,85,58,178,38
lie,522,168,50,158,117,29
food,519,237,29,70,141,42
throw,514,233,31,67,156,27
wish,509,145,45,116,175,28
month,504,159,84,26,191,44
story,502,176,82,87,123,34
different,491,190,33,66,148,54
side,490,168,47,118,115,42
answer,488,220,54,67,106,41
important,488,155,37,64,181,51
heart,487,159,20,119,128,61
crazy,485,232,27,5,181,40
figure,484,214,84,16,128,42
anyway,481,220,97,47,92,25
cut,481,161,55,110,116,39
joke,481,191,18,61,168,43
door,480,192,78,77,106,27
high,474,159,72,78,143,22
couple,472,194,82,7,158,31
hang,472,240,43,37,111,41
sister,468,153,15,258,37,5
ago,467,164,47,78,122,56
line,463,158,47,60,143,55
win,461,168,16,114,120,43
alone,458,168,38,111,80,61
mine,451,120,44,128,105,54
huh,450,114,131,9,130,66
relationship,448,311,4,6,110,17
promise,445,121,45,171,82,26
sometimes,443,143,24,59,164,53
welcome,443,157,34,49,158,45
anymore,442,102,47,77,120,96
free,437,125,40,154,90,28
nobody,437,66,47,15,181,128
save,437,87,38,138,133,41
far,435,100,60,145,99,31
hate,431,141,26,57,154,53
hurt,430,147,37,109,91,46
queen,429,22,1,384,20,2
uh,429,178,90,10,109,42
chance,427,150,55,83,98,41
easy,427,145,60,67,125,30
least,426,143,84,59,103,37
later,425,129,55,37,179,25
dog,424,175,20,45,145,39
rest,420,123,53,120,82,42
late,417,184,47,45,114,27
tomorrow,416,163,46,52,111,44
somebody,413,80,58,9,197,69
news,411,173,69,23,96,50
state,408,293,36,9,43,27
bitch,405,65,104,46,59,131
damn,405,67,77,38,125,98
dinner,401,264,37,10,81,9
war,399,25,4,304,31,35
grow,398,145,24,102,71,56
soon,395,77,53,124,83,58
sign,388,159,32,14,141,42
decide,387,153,20,53,121,40
fact,387,189,42,19,108,29
sale,385,58,15,1,297,14
city,384,32,13,244,49,46
trust,384,62,43,186,61,32
wonder,384,168,36,56,89,35
water,383,130,45,64,83,61
beautiful,381,143,25,91,106,16
team,381,177,15,4,138,47
seriously,378,117,89,4,120,48
meeting,377,72,30,37,223,15
enjoy,373,174,13,58,86,42
rule,373,116,17,120,89,31
bear,372,70,9,129,93,71
moment,372,154,37,83,76,22
safe,371,69,65,138,51,48
dad,366,154,53,2,73,84
picture,365,166,26,10,123,40
smart,365,200,20,34,70,41
young,365,105,17,117,75,51
small,364,119,24,94,109,18
store,363,224,14,11,88,26
offer,361,106,46,80,105,24
truth,358,76,31,123,73,55
burn,357,59,27,171,77,23
space,353,256,21,1,64,11
bed,351,181,28,71,58,13
catch,348,123,62,33,99,31
choice,348,132,35,80,76,25
foot,347,104,32,70,119,22
front,347,147,44,34,100,22
become,346,112,21,86,83,44
body,346,131,23,73,82,37
gift,346,132,9,73,120,12
murder,345,32,37,205,36,35
return,344,87,24,161,56,16
agree,343,135,31,39,92,46
birthday,343,164,51,2,106,20
case,339,125,62,17,102,33
hair,338,145,26,70,85,12
special,336,99,16,17,103,101
realize,334,169,11,26,75,53
almost,333,116,38,49,93,37
sweet,332,149,20,49,72,42
town,332,50,52,18,66,146
pull,329,109,59,35,97,29
anybody,328,92,56,11,133,36
fall,328,107,19,92,88,22
perhaps,328,126,19,143,23,17
sort,328,84,35,56,123,30
touch,328,119,41,59,87,22
lead,326,86,25,91,97,27
expect,325,89,36,88,90,22
serve,325,45,9,230,30,11
secret,324,128,25,52,95,24
sense,324,122,36,26,107,33
clean,323,98,59,32,95,39
ahead,322,108,59,19,87,49
full,322,106,36,74,79,27
steal,322,74,43,78,90,37
terrible,320,105,22,61,112,20
light,318,137,32,55,69,25
death,317,67,26,152,36,36
act,315,106,33,42,94,40
choose,314,91,12,122,82,7
able,313,109,40,47,67,50
afraid,313,105,5,136,30,37
dress,313,154,5,43,84,27
feeling,313,178,16,7,85,27
strong,313,72,13,103,68,57
swear,311,49,31,183,27,21
finally,309,139,32,25,61,52
honor,309,69,3,169,51,17
lunch,307,89,12,1,173,32
follow,306,85,34,82,81,24
perfect,306,136,33,21,103,13
top,306,106,33,29,120,18
box,305,120,27,11,103,44
invite,305,161,11,27,87,19
upset,303,208,20,5,39,31
shoot,302,91,47,41,58,65
stick,301,121,48,21,83,28
dream,299,106,9,55,96,33
daughter,298,28,33,154,58,25
surprise,298,130,20,21,110,17
clear,297,88,56,42,82,29
mad,297,160,15,31,68,23
shut,297,72,46,44,77,58
step,296,98,43,54,89,12
train,296,183,25,36,41,11
instead,294,150,20,36,72,16
sir,294,47,50,3,77,117
protect,293,25,28,182,35,23
absolutely,292,81,79,11,111,10
ride,292,86,15,114,65,12
blood,291,49,28,141,54,19
smell,290,126,35,42,70,17
bang,288,246,8,2,27,5
brain,288,177,26,5,59,21
teach,288,99,22,88,56,23
less,287,107,34,59,67,20
nearly,287,241,9,18,7,12
parent,287,135,13,5,67,67
bet,286,115,37,35,87,12
suck,286,76,6,6,122,76
list,285,104,35,22,91,33
black,282,49,26,55,98,54
husband,281,114,35,67,56,9
glad,279,126,21,39,76,17
mistake,279,81,32,53,90,23
serious,279,74,31,12,126,36
message,275,66,57,33,72,47
shot,275,94,38,9,56,78
sick,275,101,28,6,90,50
beat,273,95,25,70,61,22
half,273,92,38,62,66,15
trouble,273,107,35,46,57,28
none,272,77,28,67,76,24
mystery,271,250,5,3,11,2
power,271,66,13,86,74,32
whoa,270,69,34,13,93,61
mouth,269,88,33,51,53,44
present,269,106,17,30,98,18
around,268,85,42,15,87,39
ball,268,89,19,31,73,56
consider,268,116,25,37,76,14
cry,268,125,10,35,86,12
explain,267,103,44,31,71,18
seat,267,83,23,19,113,29
quite,266,71,24,116,40,15
entire,265,100,46,21,65,33
share,265,135,30,34,49,17
charge,264,69,33,56,83,23
definitely,263,49,50,7,130,27
thought,263,108,28,32,84,11
human,262,142,9,8,72,31
raise,262,78,9,38,122,15
test,261,132,12,4,76,37
ring,259,122,18,40,66,13
respect,257,58,29,59,82,29
allow,255,97,19,60,55,24
piece,255,71,32,31,71,50
wall,254,55,9,124,56,10
alive,253,43,24,139,33,14
fair,253,83,14,47,68,41
land,253,36,4,162,33,18
drop,252,77,59,38,60,18
white,252,56,23,48,68,57
attack,251,55,17,93,40,46
future,251,114,16,41,52,28
finish,250,105,33,26,67,19
join,250,92,6,67,54,31
ship,250,16,19,170,36,9
force,249,70,11,78,55,35
north,249,19,6,209,10,5
appreciate,248,98,44,11,80,15
control,248,80,34,22,57,55
early,247,94,21,16,100,16
table,246,102,18,23,79,24
horse,242,38,7,146,44,7
enemy,241,30,8,179,20,4
grace,241,2,1,235,1,2
luck,241,72,27,31,94,17
apartment,239,206,8,1,22,2
shall,239,58,12,119,42,8
star,239,122,18,22,57,20
desk,237,38,8,1,183,7
fast,237,70,26,41,73,27
kiss,237,116,5,37,69,10
favorite,236,110,7,14,84,21
spot,236,147,24,14,45,6
busy,235,112,17,16,70,20
cause,235,76,16,31,77,35
laugh,234,99,5,31,81,18
proud,234,118,19,34,44,19
country,233,48,10,47,25,103
imagine,231,68,10,82,59,12
gold,230,22,9,160,32,7
red,230,75,9,48,65,33
cover,229,76,25,23,80,25
hide,228,78,21,57,45,27
system,227,131,35,1,39,21
wine,227,68,11,109,38,1
amazing,226,101,13,5,71,36
fault,225,90,21,19,55,40
key,225,96,48,7,59,15
treat,225,54,9,49,66,47
interest,224,111,31,39,35,8
apologize,223,123,13,18,58,11
hop,223,104,17,33,59,10
fly,222,89,27,43,45,18
butter,221,36,3,2,13,167
ten,221,94,30,12,79,6
blow,220,98,22,9,73,18
bunch,219,60,23,10,76,50
waste,219,85,29,24,65,16
completely,218,70,31,12,61,44
decision,218,77,23,24,82,12
sad,217,124,5,24,46,18
count,216,85,28,35,61,7
single,216,73,13,38,78,14
hat,215,73,13,44,70,15
ice,215,71,23,14,87,20
notice,215,88,24,18,63,22
pass,215,94,28,40,38,15
fear,214,40,12,105,48,9
honey,214,77,39,6,42,50
visit,214,55,15,59,63,22
yep,213,53,11,1,135,13
bar,212,104,22,7,61,18
ruin,212,102,12,28,39,31
bastard,211,20,24,152,13,2
gentleman,211,85,17,5,81,23
interesting,211,108,12,17,62,12
pant,211,122,14,5,61,9
possible,210,67,28,26,65,24
push,210,65,20,19,77,29
dance,209,87,2,32,85,3
bag,208,87,40,7,56,18
hello,208,74,26,3,84,21
attention,207,57,16,12,89,33
support,206,80,16,46,29,35
record,203,85,36,8,62,12
past,202,59,14,45,51,33
roll,202,77,30,15,64,16
simple,202,72,32,21,50,27
blue,201,42,73,18,55,13
street,201,53,32,37,57,22
class,200,75,11,1,69,44
congratulation,200,91,25,7,68,9
fill,200,76,16,20,70,18
idiot,200,52,8,33,96,11
mess,200,51,30,7,72,40
wake,200,69,38,32,47,14
cat,199,79,7,20,92,1
fat,199,53,10,39,57,40
inside,198,33,35,42,52,36
obviously,198,65,18,12,94,9
conversation,197,95,12,13,68,9
master,197,33,9,109,34,12
somewhere,197,59,26,46,39,27
voice,197,77,16,20,55,29
deserve,196,52,18,51,48,27
handle,196,68,34,7,72,15
sing,196,58,10,47,69,12
cold,195,58,11,49,68,9
trip,195,85,16,7,79,8
angry,193,83,19,37,33,21
ridiculous,193,102,10,9,52,20
rock,193,94,26,18,46,9
assume,192,105,22,26,29,10
shame,192,41,4,119,23,5
tv,192,96,26,3,49,18
felt,191,80,6,24,62,19
kick,191,75,41,8,50,17
lucky,191,80,26,35,40,10
experience,190,84,12,29,54,11
middle,190,93,13,12,68,4
trick,190,84,11,26,38,31
forward,188,63,12,31,63,19
music,188,90,6,9,57,26
apparently,187,91,24,14,44,14
destroy,187,43,13,69,35,27
gate,187,18,5,158,4,2
pretend,187,98,6,21,52,10
rather,187,56,10,67,45,9
interested,186,92,16,18,52,8
situation,186,57,39,10,67,13
dark,185,82,11,43,46,3
group,185,80,6,4,69,26
poor,185,71,12,63,21,18
scar,185,57,31,25,53,19
wonderful,185,78,11,24,60,12
clothes,184,89,7,29,48,11
usually,184,79,14,16,65,10
dear,183,101,6,48,18,10
personal,183,48,18,10,94,13
quick,183,51,22,26,63,21
theory,183,165,2,1,9,6
rid,182,52,19,40,28,43
history,180,50,17,41,46,26
information,180,65,17,21,59,18
cell,179,36,46,40,42,15
ground,179,54,18,44,44,19
pound,179,36,74,2,59,8
chicken,178,101,21,13,36,7
prove,178,71,13,32,33,29
warm,177,84,7,35,43,8
air,176,56,30,13,67,10
quit,176,47,20,3,65,41
student,176,43,12,1,15,105
taste,176,56,25,40,42,13
base,175,106,11,6,42,10
difference,175,64,12,34,43,22
yo,175,6,149,2,13,5
glass,174,80,29,7,49,9
owe,174,45,37,39,42,11
accept,173,67,20,25,52,9
field,173,81,12,39,33,8
short,173,81,17,25,45,5
thousand,173,25,17,101,14,16
wash,173,56,69,17,28,3
honest,172,65,11,30,47,19
research,172,147,5,2,11,7
arm,171,51,19,50,45,6
floor,171,72,21,17,48,13
large,171,56,15,45,47,8
worth,171,38,19,43,60,11
excite,170,82,3,4,63,18
forever,170,60,16,31,41,22
favor,168,63,29,29,38,9
ha,168,21,13,12,86,36
straight,168,58,41,15,45,9
clearly,167,85,15,11,40,16
command,167,9,2,139,12,5
hire,167,35,21,7,92,12
shoe,167,84,12,7,60,4
tree,167,69,8,28,58,4
issue,166,62,34,6,40,24
report,166,33,28,21,61,23
knock,165,74,24,21,36,10
mile,165,44,28,51,40,2
castle,164,3,1,148,11,1
fix,164,73,23,4,49,15
letter,164,73,11,25,50,5
magic,164,78,10,34,34,8
anywhere,163,40,39,28,33,23
board,163,62,7,7,40,47
living,163,66,18,43,20,16
admit,162,58,22,29,31,22
building,162,60,8,1,81,12
reach,162,54,28,24,39,17
discuss,161,53,31,34,31,12
fool,161,30,6,98,17,10
slow,161,67,18,25,41,10
whore,161,13,2,132,4,10
animal,160,51,7,25,63,14
carry,160,48,9,65,30,8
road,159,33,26,38,50,12
low,158,42,24,28,58,6
nope,158,57,5,3,82,11
screw,158,59,30,1,52,16
service,158,35,9,43,45,26
along,157,60,9,26,41,21
concern,157,47,35,38,26,11
farm,157,14,5,16,65,57
finger,157,68,12,27,32,18
ai,156,16,69,10,41,20
cake,156,48,7,10,81,10
cream,156,61,11,1,59,24
grab,156,44,25,5,69,13
ya,156,50,10,1,47,48
draw,155,46,10,51,43,5
quiet,155,49,19,26,32,29
common,154,56,5,50,32,11
fail,154,46,6,49,38,15
pregnant,154,77,7,11,55,4
certainly,153,59,21,24,26,23
study,153,105,11,12,13,12
action,152,66,14,20,37,15
jump,152,50,16,8,66,12
lock,152,49,24,14,39,26
mention,151,79,17,17,30,8
project,151,97,2,2,31,19
longer,150,63,13,35,32,7
pleasure,150,57,17,33,40,3
certain,149,38,19,40,41,11
fit,149,43,18,26,52,10
leg,149,58,19,32,38,2
though,149,14,14,24,88,9
engage,148,84,3,7,51,3
remind,148,62,7,25,46,8
tough,148,36,16,14,65,17
nose,147,72,10,16,38,11
till,147,43,25,26,40,13
freak,146,50,15,3,59,19
level,146,74,23,5,33,11
marriage,146,69,5,42,29,1
note,146,61,9,9,63,4
others,146,30,8,58,26,24
bother,145,76,8,11,41,9
create,145,64,5,8,39,29
honestly,145,71,12,3,49,10
partner,145,30,71,4,20,20
price,145,25,24,24,63,9
risk,145,38,24,51,21,11
third,145,69,14,11,39,12
celebrate,144,63,5,12,46,18
chair,144,54,3,9,70,8
drunk,144,67,5,34,32,6
giant,144,64,10,23,27,20
shower,144,84,13,1,41,5
evening,143,102,3,14,21,3
folk,143,12,17,28,20,66
form,143,51,8,10,63,11
opportunity,143,60,15,19,40,9
suit,143,58,15,21,47,2
weed,143,1,13,2,6,121
advice,142,47,20,27,42,6
cup,142,57,7,20,51,7
dumb,142,65,9,13,25,30
extra,142,60,17,7,50,8
milk,142,70,7,16,37,12
pie,142,45,6,26,59,6
hungry,141,59,16,32,31,3
apology,140,64,8,34,29,5
everywhere,140,28,9,21,15,67
law,139,36,35,38,25,5
lovely,139,48,3,51,31,6
tie,139,55,12,8,52,12
crime,138,26,15,59,27,11
double,138,49,13,16,56,4
hole,138,55,20,16,35,12
suggest,138,84,14,12,18,10
age,137,37,10,35,47,8
position,137,30,4,38,55,10
shirt,137,76,5,6,45,5
cost,136,29,26,21,51,9
track,136,47,36,11,20,22
add,135,48,19,5,39,24
calm,135,45,12,10,43,25
either,135,64,15,18,26,12
guard,135,13,13,95,11,3
green,134,52,20,8,33,21
smile,134,47,2,28,47,10
appear,133,57,7,26,20,23
color,133,48,17,13,51,4
ear,133,47,15,32,31,8
include,133,67,10,6,43,7
outside,133,39,29,19,33,13
comfortable,132,74,14,11,31,2
cousin,132,58,20,23,28,3
rich,132,39,11,47,25,10
travel,132,46,7,46,23,10
yesterday,132,40,18,9,50,15
beg,131,26,9,67,22,7
involve,131,47,20,6,39,19
monster,131,33,3,36,37,22
pack,131,47,23,10,39,12
account,130,32,24,5,37,32
knight,130,6,1,114,8,1
naked,130,76,5,16,31,2
poison,130,20,32,47,27,4
relax,130,51,15,5,25,34
contact,129,58,31,1,31,8
prepare,129,54,7,25,33,10
settle,129,58,14,11,39,7
uncle,129,21,23,66,13,6
breakfast,128,61,16,8,38,5
excuse,128,53,16,14,38,7
guest,128,48,7,35,31,7
kitchen,128,38,8,23,44,15
often,128,56,7,34,28,3
smoke,127,32,46,6,26,17
teacher,127,22,10,5,23,67
window,127,65,9,15,28,10
doubt,126,37,13,36,31,9
lay,126,33,17,40,29,7
chain,125,16,13,53,36,7
pain,125,44,10,33,30,8
character,124,58,7,5,49,5
credit,124,56,12,3,43,10
focus,124,69,9,1,32,13
hero,124,30,13,30,43,8
memory,124,47,15,19,33,10
subject,124,82,5,16,14,7
tea,124,82,7,4,29,2
ah,123,17,2,22,59,23
awful,123,41,6,14,48,14
belong,123,22,13,68,12,8
claim,123,23,3,62,14,21
huge,123,37,7,2,64,13
strike,123,36,7,33,23,24
beer,122,57,28,5,26,6
cross,122,41,18,37,23,3
deep,122,37,22,31,25,7
jealous,122,66,2,26,22,6
peace,122,16,9,79,7,11
tiny,122,45,3,5,56,13
camera,121,42,12,9,46,12
club,121,48,3,3,47,20
egg,121,56,5,24,32,4
neighbor,121,55,6,1,10,49
normal,121,32,9,4,39,37
product,121,18,56,1,28,18
romantic,121,66,1,4,45,5
skin,121,48,6,36,22,9
truly,121,29,15,43,22,12
vote,121,42,19,4,21,35
blame,120,33,13,30,23,21
cheese,120,63,12,9,32,4
copy,120,26,13,7,60,14
dangerous,120,14,7,54,32,13
excellent,120,46,14,13,42,5
judge,120,25,13,33,31,18
forgive,119,43,8,51,13,4
shh,119,18,7,25,45,24
shop,119,54,11,6,30,18
size,119,51,15,15,31,7
afternoon,118,38,14,10,48,8
betray,118,23,2,85,4,4
defend,118,14,2,77,16,9
fell,118,42,6,26,40,4
march,118,5,1,102,4,6
string,118,90,3,7,12,6
customer,117,17,17,2,58,23
excited,117,52,2,1,46,16
ho,117,20,5,1,61,30
option,117,37,32,7,32,9
propose,117,78,1,12,25,1
type,117,28,12,2,56,19
continue,116,38,17,20,23,18
winter,116,16,1,82,16,1
bedroom,115,76,9,2,26,2
boat,115,30,10,19,53,3
cheer,115,62,9,5,31,8
horrible,115,25,4,25,43,18
monkey,115,71,4,3,35,2
possibly,115,38,15,22,29,11
rise,115,24,4,56,14,17
shake,115,41,11,6,52,5
twice,115,34,13,30,34,4
basically,114,42,7,1,59,5
introduce,114,55,4,4,42,9
paint,114,43,21,4,37,9
aah,113,12,9,5,44,43
left,113,30,24,21,27,11
manage,112,29,16,24,36,7
plenty,112,43,19,20,23,7
prison,112,14,32,8,41,17
summer,112,32,7,34,35,4
worried,112,54,9,13,24,12
hall,111,50,5,30,22,4
recently,111,44,10,7,38,12
toy,111,50,5,11,35,10
hunt,110,25,2,61,19,3
nervous,110,52,2,5,43,8
piss,110,7,20,39,6,38
remain,110,29,8,50,21,2
silly,110,84,3,5,13,5
tear,110,35,12,34,19,10
bite,109,59,11,11,24,4
match,109,45,8,20,25,11
page,109,51,20,5,22,11
refuse,109,22,11,58,14,4
willing,109,47,14,18,20,10
babe,108,20,8,6,29,45
difficult,108,40,4,32,25,7
meat,108,31,8,23,31,15
member,108,51,3,15,23,16
area,107,31,17,8,33,18
art,107,24,10,7,64,2
complain,107,56,9,13,22,7
earth,107,54,5,5,24,19
liar,107,14,7,47,32,7
season,107,34,8,13,27,25
accident,106,40,14,5,29,18
bottle,106,48,14,2,36,6
careful,106,26,15,32,18,15
dirty,106,56,10,8,20,12
lesson,106,33,3,24,40,6
ooh,106,59,1,2,33,11
sea,106,18,2,70,13,3
south,106,6,7,85,7,1
yes,106,33,18,8,41,6
address,105,32,20,9,27,17
arrive,105,29,6,33,28,9
bottom,105,47,18,6,25,9
round,105,28,13,15,37,12
sail,105,5,3,78,17,2
suffer,105,24,6,44,18,13
term,105,36,11,27,28,3
tire,105,35,9,16,31,14
amount,104,32,23,9,34,6
bone,104,35,12,30,21,6
candy,104,35,3,1,32,33
dump,104,34,10,4,40,16
event,104,47,6,11,28,12
replace,104,44,10,5,31,14
solve,104,73,2,1,23,5
design,103,66,4,6,26,1
duty,103,12,1,63,25,2
episode,103,58,1,3,35,6
neck,103,33,8,26,35,1
provide,103,37,20,22,13,11
purpose,103,38,9,25,20,11
receive,103,24,12,23,32,12
sake,103,39,15,15,20,14
soup,103,62,2,7,20,12
complete,102,45,14,5,23,15
dry,102,43,13,13,22,11
speech,102,44,6,6,31,15
sport,102,44,1,2,39,16
uncomfortable,102,66,2,6,27,1
weapon,102,21,10,44,18,9
impossible,101,29,2,17,39,14
private,101,20,9,13,44,15
security,101,28,15,1,39,18
center,100,35,11,4,25,25
guilty,100,34,8,32,15,11
practice,100,51,4,19,23,3
race,100,25,2,4,38,31
scene,100,39,14,11,28,8
spirit,100,27,1,9,35,28
tall,100,53,7,14,25,1
teeth,100,43,7,20,26,4
wood,100,30,10,35,14,11
brave,99,24,1,45,17,12
career,99,65,8,2,17,7
dare,99,27,6,22,31,13
insult,99,36,3,34,23,3
knee,98,14,10,52,20,2
ow,98,36,2,4,44,12
public,98,27,14,1,37,19
punch,98,32,1,4,53,8
soldier,98,8,2,81,4,3
throat,98,25,2,55,15,1
actual,97,52,16,7,17,5
band,97,35,5,12,31,14
block,97,24,17,4,31,21
loud,97,39,10,4,39,5
market,97,26,20,8,32,11
post,97,42,3,11,11,30
pressure,97,44,6,3,29,15
prisoner,97,3,2,81,2,9
somehow,97,26,11,13,21,26
station,97,41,11,4,28,13
strange,97,40,3,35,14,5
survive,97,18,14,48,10,7
wind,97,27,20,33,14,3
abandon,96,27,4,50,13,2
amaze,96,51,5,1,33,6
scream,96,15,5,47,26,3
switch,96,52,12,1,25,6
captain,95,16,2,41,24,12
moon,95,45,3,27,18,2
press,95,30,17,10,33,5
weight,95,25,16,11,41,2
embarrass,94,56,3,3,27,5
exist,94,33,9,10,36,6
hundred,94,21,12,46,7,8
killer,94,23,6,28,26,11
pray,94,20,6,60,2,6
search,94,17,28,9,27,13
trial,94,14,1,69,7,3
warn,94,33,7,29,12,13
barely,93,27,15,18,21,12
code,93,47,5,3,35,3
however,93,30,21,10,20,12
pop,93,39,14,2,32,6
apart,92,34,7,16,25,10
avoid,92,51,8,14,13,6
bowl,92,46,7,6,28,5
example,92,57,4,3,22,6
mark,92,25,12,16,33,6
prince,92,4,1,67,8,12
process,92,35,17,4,20,16
convince,91,27,9,21,23,11
fancy,91,30,5,19,29,8
hook,91,42,9,4,34,2
model,91,44,4,1,36,6
photo,91,30,15,2,35,9
prefer,91,37,10,22,20,2
sun,91,21,5,27,28,10
capital,90,7,4,72,6,1
crush,90,26,11,20,32,1
someday,90,48,5,17,19,1
thinking,90,46,7,3,20,14
wheel,90,24,7,17,38,4
arrest,89,9,41,14,10,15
debt,89,13,3,52,10,11
department,89,38,6,2,39,4
famous,89,39,2,14,29,5
invent,89,61,5,5,16,2
pocket,89,36,21,7,19,6
adult,88,36,6,1,31,14
empty,88,37,3,17,25,6
mood,88,53,6,6,18,5
opinion,88,33,15,15,21,4
scary,87,43,8,3,26,7
several,87,12,7,19,32,17
trap,87,30,7,19,20,11
danger,86,27,26,14,14,5
fee,86,18,11,32,19,6
final,86,26,11,13,25,11
flower,86,42,2,14,27,1
perfectly,86,48,11,5,19,3
stone,86,21,6,45,11,3
agreement,85,66,4,5,7,3
due,85,24,18,2,28,13
effect,85,53,5,3,15,9
escape,85,14,5,50,11,5
fresh,85,25,8,17,28,7
local,85,19,10,3,39,14
safety,85,21,10,18,30,6
specific,85,27,13,5,32,8
supply,85,15,21,12,28,9
tight,85,24,29,5,19,8
ton,85,25,6,1,30,23
corner,84,32,10,8,30,4
fella,84,39,1,1,11,32
female,84,45,3,2,20,14
insane,84,24,7,1,48,4
justice,84,6,1,65,8,4
soul,84,22,4,22,24,12
weak,84,14,10,31,19,10
wrap,84,30,10,8,31,5
climb,83,31,5,35,9,3
demand,83,8,8,43,10,14
detail,83,30,26,8,16,3
familiar,83,48,6,7,12,10
rip,83,34,8,12,12,17
available,82,39,5,1,15,22
couch,82,70,2,1,7,2
rent,82,45,13,2,19,3
solution,82,49,7,4,15,7
cow,81,35,8,4,19,15
enter,81,28,7,18,24,4
exciting,81,53,2,5,18,3
helpful,81,47,8,4,20,2
hug,81,46,2,1,31,1
owner,81,23,18,1,19,20
powerful,81,15,1,36,15,14
result,81,43,12,2,10,14
soft,81,31,7,14,22,7
awkward,80,53,1,3,21,2
grant,80,43,9,15,11,2
regret,80,41,5,7,24,3
remove,80,34,7,17,18,4
rude,80,41,5,6,27,1
skill,80,39,4,13,22,2
stranger,80,41,7,17,13,2
wild,80,31,5,18,19,7
accord,79,41,3,11,18,6
afford,79,26,10,17,13,13
bath,79,39,13,15,11,1
better,79,18,17,18,18,8
court,79,18,8,28,23,2
health,79,13,16,8,18,24
innocent,79,11,10,37,10,11
loose,79,14,12,34,14,5
loyal,79,5,4,60,8,2
plant,79,25,10,2,25,17
quality,79,33,6,6,26,8
spread,79,13,9,20,20,17
wave,79,31,7,13,21,7
birth,78,23,7,24,18,6
breathe,78,21,20,9,25,3
cheat,78,24,2,6,30,16
daddy,78,22,5,12,29,10
earlier,78,23,4,6,40,5
earn,78,18,22,15,20,3
meal,78,29,15,13,17,4
mostly,78,24,8,8,30,8
nail,78,30,8,7,31,2
pen,78,17,5,8,38,10
slip,78,35,7,14,18,4
bore,77,28,6,23,19,1
chip,77,27,6,2,34,8
deliver,77,20,8,16,25,8
friendship,77,49,1,7,18,2
speaking,77,37,12,6,21,1
affair,76,10,14,15,36,1
behavior,76,38,4,6,21,7
bloody,76,3,2,63,7,1
current,76,31,15,9,14,7
married,76,53,2,7,13,1
require,76,30,6,22,15,3
steel,76,11,4,56,4,1
ugly,76,12,2,21,36,5
winner,76,34,1,1,35,5
apply,75,32,8,2,30,3
breath,75,26,13,15,19,2
bury,75,17,9,33,14,2
chest,75,34,8,7,16,10
crack,75,23,6,6,32,8
offense,75,28,9,12,21,5
pair,75,42,6,8,18,1
rough,75,43,7,6,15,4
threaten,75,12,18,18,19,8
beach,74,31,1,10,26,6
language,74,36,4,13,17,4
load,74,22,15,9,10,18
mountain,74,16,3,43,9,3
necessary,74,30,7,17,13,7
pot,74,11,25,15,12,11
princess,74,12,4,37,20,1
realm,74,3,1,68,1,1
surprised,74,50,4,4,13,3
challenge,73,37,2,8,21,5
coin,73,23,13,22,3,12
dig,73,23,10,12,21,7
expensive,73,24,11,10,25,3
loser,73,26,5,1,38,3
parade,73,9,1,2,6,55
player,73,19,13,2,34,5
rain,73,16,9,22,24,2
sneak,73,32,7,10,17,7
spin,73,29,11,5,24,4
stress,73,21,6,4,37,5
training,73,15,5,15,36,2
bread,72,24,3,15,24,6
contract,72,25,5,4,35,3
depend,72,32,6,11,15,8
disease,72,26,6,11,24,5
eventually,72,31,6,11,13,11
evidence,72,22,23,2,10,15
immediately,72,14,15,11,26,6
incredible,72,28,3,3,18,20
intend,72,23,8,22,14,5
male,72,33,2,4,25,8
nonsense,72,39,1,16,13,3
otherwise,72,22,14,20,14,2
pet,72,44,6,8,11,3
privacy,72,27,4,2,7,32
roof,72,30,7,11,21,3
score,72,26,6,2,24,14
simply,72,25,13,12,12,10
speed,72,33,13,1,24,1
suddenly,72,32,18,1,14,7
annoy,71,49,1,5,14,2
asleep,71,36,7,4,21,3
bell,71,11,11,32,12,5
flight,71,48,7,1,12,3
spy,71,27,2,22,14,6
storm,71,16,5,36,12,2
commit,70,13,6,21,23,7
healthy,70,19,6,9,17,19
leader,70,14,2,19,21,14
operation,70,3,33,1,22,11
original,70,45,2,2,14,7
quickly,70,14,4,24,23,5
release,70,21,3,25,12,9
reward,70,10,6,34,17,3
silence,70,17,6,16,16,15
stair,70,47,3,7,10,3
evil,69,18,2,28,15,6
goodness,69,37,1,1,23,7
heat,69,34,14,4,11,6
heavy,69,23,9,18,16,3
nature,69,29,4,9,20,7
nowhere,69,14,19,18,11,7
obvious,69,26,5,9,24,5
property,69,15,14,8,22,10
shoulder,69,34,7,6,19,3
trade,69,19,11,19,15,5
bank,68,21,18,3,14,12
bat,68,20,2,3,19,24
crew,68,4,26,13,22,3
deny,68,21,6,28,5,8
dick,68,1,9,3,3,52
heard,68,22,2,9,20,15
impressive,68,38,1,8,13,8
juice,68,35,13,3,13,4
sight,68,14,14,26,12,2
style,68,12,3,3,31,19
tour,68,15,6,1,35,11
advantage,67,28,2,9,12,16
apple,67,27,5,2,31,2
capable,67,20,12,8,20,7
compare,67,31,2,10,21,3
degree,67,40,11,3,11,2
especially,67,15,9,12,26,5
fellow,67,27,3,18,9,10
hurry,67,25,8,13,10,11
natural,67,26,6,7,20,8
sentence,67,19,3,26,17,2
value,67,27,2,20,14,4
attempt,66,38,4,8,12,4
breast,66,26,3,8,25,4
camp,66,11,2,23,18,12
criminal,66,15,24,7,16,4
delicious,66,27,4,2,32,1
fantastic,66,20,8,1,29,8
fighting,66,17,1,39,5,4
funeral,66,28,4,10,22,2
ignore,66,30,4,7,19,6
interrupt,66,19,3,10,30,4
lift,66,20,13,12,18,3
punish,66,9,4,30,14,9
refer,66,37,5,2,20,2
stink,66,18,3,15,18,12
unfortunately,66,19,14,3,25,5
bond,65,26,15,4,17,3
boring,65,29,4,14,17,1
bug,65,26,18,2,15,4
confuse,65,25,3,8,26,3
faith,65,9,3,39,3,11
feed,65,15,5,27,9,9
former,65,17,11,23,12,2
harm,65,11,3,31,11,9
likely,65,21,9,20,5,10
loss,65,23,11,12,13,6
quarter,65,17,11,6,28,3
responsibility,65,21,9,7,23,5
role,65,27,2,11,18,7
shape,65,26,4,7,25,3
signal,65,28,5,11,18,3
tired,65,29,5,11,13,7
clue,64,35,7,1,16,5
crowd,64,24,3,14,16,7
grand,64,10,26,7,14,7
plate,64,25,14,6,14,5
represent,64,21,11,12,12,8
request,64,26,4,13,17,4
servant,64,15,1,44,3,1
threat,64,11,12,28,10,3
tradition,64,19,2,21,16,6
witness,64,8,16,17,9,14
aware,63,33,4,12,9,5
brown,63,27,3,20,10,3
extremely,63,26,6,4,22,5
flip,63,22,17,2,13,9
freedom,63,11,3,19,19,11
humble,63,6,3,4,6,44
lip,63,26,2,10,18,7
period,63,19,7,2,9,26
pledge,63,2,1,39,17,4
proper,63,10,10,40,2,1
recognize,63,28,5,13,13,4
responsible,63,26,5,12,14,6
successful,63,36,5,6,8,8
bend,62,11,3,42,4,2
century,62,26,1,27,3,5
chase,62,28,16,6,9,3
curious,62,33,7,9,10,3
equipment,62,30,18,1,5,8
hardly,62,26,3,16,13,4
hmm,62,33,6,6,13,4
review,62,16,3,2,37,4
solid,62,15,21,5,19,2
spell,62,34,6,5,7,10
starve,62,20,2,29,7,4
statement,62,20,7,8,19,8
success,62,28,6,1,23,4
whatever,62,22,13,4,19,4
approach,61,32,4,13,7,5
appropriate,61,33,2,5,18,3
candle,61,24,5,13,18,1
comfort,61,41,4,9,6,1
condition,61,29,12,4,10,6
indeed,61,26,9,18,7,1
mix,61,35,5,2,12,7
officer,61,15,11,8,19,8
pas,61,19,8,8,22,4
personally,61,20,16,4,14,7
title,61,9,2,28,21,1
aside,60,16,8,23,6,7
boys,60,15,9,9,6,21
broken,60,25,5,10,14,6
drag,60,18,7,19,13,3
exact,60,22,13,1,23,1
exercise,60,31,4,3,21,1
lack,60,27,5,15,10,3
respond,60,24,5,3,10,18
separate,60,19,11,3,23,4
split,60,27,8,5,15,5
swing,60,16,8,22,11,3
competition,59,20,3,2,15,19
damage,59,17,11,1,10,20
desert,59,20,17,8,11,3
mission,59,26,3,11,17,2
permission,59,13,5,14,19,8
rap,59,4,3,23,17,12
tub,59,43,2,1,9,4
benefit,58,26,5,3,20,4
crash,58,29,13,1,12,3
describe,58,19,4,4,27,4
freeze,58,13,5,16,14,10
gather,58,6,4,25,14,9
pitch,58,19,6,5,23,5
rob,58,14,18,4,12,10
stomach,58,20,9,8,18,3
view,58,27,3,2,18,8
assure,57,16,6,19,8,8
currently,57,28,14,6,7,2
disappear,57,13,14,17,11,2
dozen,57,11,8,25,9,4
equal,57,28,5,6,15,3
golden,57,7,3,16,29,2
major,57,15,13,4,19,6
odd,57,24,5,12,13,3
official,57,20,8,3,23,3
talent,57,9,6,21,20,1
village,57,10,1,38,5,3
wound,57,8,10,33,2,4
activity,56,26,13,2,10,5
argue,56,28,9,12,4,3
circle,56,25,2,2,24,3
gut,56,11,8,12,19,6
panic,56,26,5,4,14,7
perform,56,23,2,5,19,7
recommend,56,26,9,2,17,2
silver,56,11,4,33,7,1
sky,56,16,3,22,10,5
spare,56,18,8,19,9,2
brand,55,6,3,4,9,33
complaint,55,16,2,1,33,3
complicate,55,20,8,9,17,1
confess,55,3,3,43,4,2
contest,55,20,1,3,29,2
effort,55,32,3,8,9,3
expert,55,25,6,7,7,10
item,55,17,7,1,25,5
potential,55,23,8,4,18,2
pure,55,12,19,13,5,6
recent,55,26,9,5,8,7
regard,55,24,3,17,8,3
row,55,20,6,10,16,3
rub,55,32,2,3,14,4
series,55,33,4,1,9,8
shock,55,20,1,10,9,15
skip,55,24,6,5,18,2
standard,55,21,11,4,13,6
surrender,55,7,1,42,4,1
yellow,55,28,4,6,14,3
appointment,54,14,6,6,19,9
beginning,54,11,6,9,18,10
declare,54,5,2,23,20,4
disgust,54,12,3,6,30,3
drinking,54,27,1,14,10,2
map,54,24,1,9,13,7
revenge,54,15,4,19,8,8
square,54,31,3,3,12,5
suspect,54,10,14,8,12,10
determine,53,29,2,10,9,3
distract,53,22,1,3,17,10
fourth,53,27,3,2,13,8
location,53,26,7,6,5,9
million,53,15,8,7,5,18
oath,53,2,1,45,2,3
odds,53,23,5,15,7,3
oil,53,13,9,9,20,2
shove,53,12,4,13,19,5
sin,53,5,1,42,2,3
chat,52,29,1,1,18,3
chop,52,10,2,27,11,2
collect,52,18,2,7,18,7
compromise,52,33,2,4,6,7
duck,52,20,4,3,13,12
east,52,8,8,22,10,4
edge,52,20,4,18,6,4
fart,52,7,4,6,17,18
fry,52,27,6,2,15,2
knowledge,52,28,5,11,4,4
mommy,52,26,5,2,4,15
occur,52,30,2,11,5,4
scared,52,18,3,9,8,14
seek,52,21,1,18,5,7
slide,52,24,5,4,16,3
snap,52,16,5,3,25,3
sometime,52,26,9,2,13,2
swim,52,25,2,9,14,2
valuable,52,21,2,13,15,1
access,51,28,4,2,8,9
approve,51,16,1,5,19,10
arrange,51,23,3,18,6,1
authority,51,10,6,9,15,11
basket,51,17,3,1,29,1
boom,51,7,7,1,33,3
borrow,51,23,4,7,12,5
dirt,51,6,13,15,14,3
easily,51,18,3,13,14,3
entirely,51,17,2,22,9,1
particular,51,11,15,3,18,4
pillow,51,24,4,3,12,8
sweat,51,28,11,1,10,1
tax,51,12,17,3,17,2
ugh,51,19,1,1,15,15
basic,50,18,10,2,14,6
bridge,50,18,4,17,9,2
defense,50,17,1,17,11,4
driver,50,20,5,1,21,3
national,50,9,3,1,10,27
normally,50,17,2,3,22,6
opposite,50,17,3,3,17,10
potato,50,21,6,10,12,1
pride,50,9,7,19,12,3
toe,50,32,6,1,10,1
wing,50,17,3,10,19,1
attitude,49,26,1,2,15,5
cast,49,20,1,16,10,2
eh,49,11,2,26,8,2
island,49,5,1,14,27,2
labor,49,17,5,3,15,9
miracle,49,12,4,4,14,15
miserable,49,25,5,9,5,5
nurse,49,16,6,5,20,2
powder,49,10,7,4,7,21
principal,49,6,1,2,1,39
proof,49,16,6,15,8,4
sack,49,17,6,16,9,1
slowly,49,20,6,8,12,3
spring,49,19,1,1,13,15
stab,49,12,2,26,8,1
struggle,49,23,5,2,14,5
surround,49,8,1,22,12,6
usual,49,16,13,4,14,2
version,49,26,2,1,19,1
warning,49,23,10,5,10,1
yard,49,6,13,12,9,9
associate,48,9,14,1,18,6
bleed,48,6,9,28,4,1
decent,48,11,12,15,9,1
expense,48,9,4,5,26,4
mama,48,16,3,8,17,4
occasion,48,26,1,7,12,2
officially,48,19,5,1,22,1
performance,48,6,1,3,36,2
profit,48,5,8,4,19,12
rate,48,23,12,2,9,2
sooner,48,11,14,14,7,2
victory,48,11,1,30,4,2
bright,47,26,3,5,10,3
concerned,47,16,13,3,11,4
direction,47,13,7,5,16,6
launch,47,21,1,3,17,5
measure,47,21,9,5,10,2
mirror,47,26,3,2,14,2
muscle,47,20,9,6,10,2
ought,47,9,11,22,4,1
pin,47,18,5,5,15,4
response,47,28,4,3,8,4
screen,47,19,6,1,17,4
sink,47,23,5,5,12,2
target,47,14,10,6,10,7
accomplish,46,22,7,6,10,1
alarm,46,14,9,1,17,5
belly,46,15,5,18,7,1
carefully,46,11,4,13,12,6
darkness,46,2,1,35,2,6
float,46,31,4,4,6,1
ghost,46,10,2,15,15,4
inspire,46,17,1,10,14,4
noise,46,23,2,5,13,3
river,46,12,9,17,4,4
stage,46,17,7,3,16,3
stock,46,12,8,1,24,1
treatment,46,2,34,1,8,1
west,46,5,8,24,7,2
anytime,45,9,12,1,18,5
blind,45,12,5,13,13,2
coat,45,11,4,11,18,1
divide,45,17,2,4,11,11
guarantee,45,15,12,1,14,3
harder,45,14,3,11,13,4
inform,45,22,3,9,7,4
metal,45,19,6,2,13,5
patch,45,17,2,3,9,14
patient,45,20,15,3,5,2
possibility,45,29,6,3,5,2
priest,45,4,1,11,1,28
purse,45,13,5,6,19,2
reasonable,45,25,5,6,7,2
salt,45,17,3,15,7,3
source,45,16,8,6,7,8
strip,45,13,8,9,14,1
tent,45,3,4,24,12,2
accuse,44,14,4,19,3,4
bump,44,21,8,1,13,1
ceremony,44,17,1,13,12,1
colleague,44,34,1,2,3,4
exchange,44,22,3,10,5,4
express,44,22,5,1,13,3
faster,44,14,5,9,12,4
insist,44,13,5,7,16,3
lick,44,19,4,11,7,3
quote,44,27,4,1,11,1
rare,44,18,6,13,4,3
strategy,44,10,6,11,15,2
accounting,43,1,4,2,35,1
artist,43,11,4,3,17,8
awake,43,19,11,6,6,1
boot,43,18,6,9,8,2
bounce,43,21,10,1,9,2
cheap,43,23,1,1,14,4
closer,43,15,5,10,9,4
desire,43,12,2,20,5,4
distance,43,20,4,3,8,8
done,43,17,5,5,15,1
fund,43,16,8,4,10,5
maintain,43,16,10,8,4,5
mask,43,17,9,3,4,10
progress,43,22,7,4,5,5
recall,43,14,7,14,6,2
shield,43,9,1,29,3,1
shout,43,11,1,9,17,5
torture,43,6,2,25,8,2
ability,42,22,2,3,10,5
circumstance,42,13,6,11,10,2
collection,42,20,8,2,7,5
confused,42,21,3,3,8,7
desperate,42,22,4,3,7,6
failure,42,23,1,7,9,2
fashion,42,18,1,3,17,3
frame,42,17,2,1,19,3
frighten,42,9,2,28,2,1
fruit,42,23,3,4,10,2
gamble,42,6,17,12,5,2
general,42,19,5,7,10,1
kneel,42,1,2,30,5,4
orange,42,14,12,1,11,4
protection,42,9,6,16,8,3
puppy,42,18,2,1,3,18
suspicious,42,10,7,5,11,9
tail,42,13,11,7,10,1
warrant,42,2,20,6,5,9
wipe,42,14,4,3,14,7
worm,42,14,1,6,19,2
accidentally,41,21,3,1,15,1
ancient,41,20,1,12,5,3
bless,41,10,4,16,10,1
cure,41,11,2,14,11,3
fantasy,41,14,2,2,22,1
fully,41,11,6,7,13,4
gain,41,10,2,8,16,5
happens,41,8,9,5,12,7
humiliate,41,25,1,7,6,2
increase,41,16,3,4,13,5
murderer,41,5,2,20,11,3
nightmare,41,17,3,2,12,7
pour,41,15,4,13,8,1
steam,41,19,7,1,10,4
tone,41,19,9,1,11,1
vision,41,11,2,17,6,5
directly,40,9,3,6,19,3
garden,40,8,2,15,14,1
judgment,40,10,9,9,10,2
manipulate,40,16,4,5,1,14
midnight,40,10,1,4,20,5
onion,40,11,1,16,9,3
pipe,40,11,8,1,16,4
plot,40,15,2,13,8,2
sue,40,4,5,4,14,13
thrill,40,13,2,8,13,4
working,40,21,3,2,10,4
advise,39,4,8,24,2,1
conduct,39,16,3,3,15,2
crawl,39,22,3,4,7,3
debate,39,9,4,4,10,12
disagree,39,18,1,5,14,1
fairly,39,25,5,1,6,2
highly,39,23,9,4,2,1
joy,39,12,1,18,2,6
material,39,21,2,2,12,2
moving,39,9,1,18,10,1
pile,39,13,4,15,6,1
produce,39,14,9,4,6,6
secure,39,15,4,11,6,3
spill,39,15,6,6,6,6
stream,39,15,1,5,1,17
suicide,39,4,2,4,10,19
tattoo,39,21,4,4,9,1
adventure,38,20,1,8,6,3
ashamed,38,16,4,5,3,10
balance,38,13,4,4,15,2
cave,38,10,7,12,5,4
expose,38,16,2,1,7,12
financial,38,10,6,3,11,8
guidance,38,29,1,2,5,1
improve,38,15,6,3,12,2
iron,38,10,6,15,6,1
jar,38,23,2,3,3,7
main,38,8,4,4,17,5
massive,38,11,1,2,11,13
medicine,38,20,5,1,11,1
movement,38,15,4,8,4,7
ordinary,38,20,1,4,8,5
precious,38,13,2,11,11,1
rot,38,2,3,30,2,1
snake,38,14,1,5,13,5
stretch,38,9,6,6,16,1
tend,38,13,6,7,9,3
tower,38,3,1,24,6,4
understanding,38,21,9,2,5,1
unit,38,12,7,5,6,8
weather,38,19,3,6,5,5
application,37,21,3,1,9,3
background,37,14,7,1,13,2
brush,37,23,1,4,7,2
combine,37,20,2,5,8,2
crisis,37,14,2,1,15,5
explanation,37,23,6,1,6,1
fortune,37,10,1,14,9,3
halfway,37,14,3,5,11,4
heal,37,7,2,12,13,3
meaning,37,14,4,9,9,1
planning,37,11,1,3,21,1
practically,37,15,10,1,9,2
privilege,37,10,7,5,12,3
promote,37,5,2,1,23,6
resource,37,10,1,4,16,6
scratch,37,13,8,3,9,4
advance,36,18,2,6,8,2
announce,36,5,2,3,19,7
average,36,10,5,3,10,8
coming,36,9,4,7,9,7
commission,36,2,2,1,29,2
differently,36,12,2,5,12,5
discussion,36,12,9,3,9,3
goal,36,11,1,4,18,2
grandson,36,5,2,21,6,2
happiness,36,15,1,8,9,3
hearing,36,13,2,6,9,6
inch,36,9,5,9,10,3
invest,36,9,7,3,16,1
reality,36,14,1,3,10,8
selfish,36,23,2,1,6,4
spoil,36,25,2,6,2,1
sudden,36,7,9,3,16,1
weakness,36,10,2,17,6,1
wide,36,14,3,2,14,3
caught,35,13,5,7,8,2
drama,35,6,1,3,24,1
dust,35,17,3,6,5,4
fold,35,19,2,8,5,1
forest,35,15,4,6,8,2
fraud,35,18,3,1,8,5
junk,35,20,3,1,10,1
lifetime,35,13,5,7,9,1
magical,35,15,3,3,11,3
meant,35,16,1,10,5,3
playing,35,11,1,3,13,7
rally,35,1,2,10,6,16
sacrifice,35,7,3,14,6,5
seems,35,7,7,9,10,2
shooting,35,1,4,1,5,24
signature,35,9,5,2,18,1
terrify,35,17,2,5,9,2
constant,34,24,1,3,5,1
counselor,34,3,3,4,3,21
dawn,34,5,1,20,6,2
display,34,18,1,2,11,2
friendly,34,15,2,1,13,3
function,34,24,2,1,5,2
got,34,14,7,4,6,3
jam,34,10,1,3,16,4
pink,34,12,10,2,9,1
prepared,34,15,2,4,11,2
reverse,34,13,3,2,15,1
shy,34,11,2,7,13,1
squeeze,34,14,6,2,11,1
turtle,34,9,3,2,19,1
vice,34,2,1,1,7,23
conclusion,33,21,2,1,7,2
contribution,33,24,5,2,1,1
firm,33,13,1,3,13,3
industry,33,2,2,1,22,6
lake,33,8,1,4,17,3
mmm,33,16,1,2,12,2
neighborhood,33,5,8,2,14,4
nickname,33,17,2,3,9,2
principle,33,21,1,1,5,5
repeat,33,13,1,1,13,5
seed,33,7,1,5,13,7
senior,33,6,5,1,8,13
stack,33,11,13,2,4,3
timing,33,10,6,1,12,4
toss,33,13,8,4,7,1
tricky,33,15,6,6,4,2
whip,33,13,2,8,9,1
banner,32,2,2,26,1,1
commitment,32,20,1,1,7,3
feature,32,17,4,1,8,2
investment,32,3,8,6,13,2
kite,32,26,1,1,1,3
manner,32,11,5,11,4,1
nation,32,15,1,2,7,7
ocean,32,12,5,2,12,1
priority,32,3,8,2,18,1
resist,32,3,4,10,7,8
seal,32,7,3,14,7,1
skinny,32,10,8,3,9,2
smooth,32,11,8,3,3,7
speaker,32,6,1,1,19,5
succeed,32,13,1,8,9,1
symptom,32,14,1,2,8,7
tap,32,9,7,1,13,2
appeal,31,20,2,3,4,2
beef,31,15,1,5,7,3
crib,31,14,7,5,4,1
deeply,31,16,3,3,7,2
ditch,31,13,7,2,7,2
education,31,8,6,2,11,4
flat,31,15,4,1,8,3
horn,31,12,3,6,8,2
intimidate,31,13,2,3,9,4
locate,31,17,1,3,4,6
mass,31,20,3,3,3,2
necessarily,31,11,4,1,10,5
politics,31,3,6,7,10,5
shave,31,9,1,5,15,1
shift,31,19,2,3,4,3
shred,31,7,4,3,16,1
steady,31,10,6,9,4,2
technique,31,19,1,1,8,2
towards,31,11,2,8,3,7
trace,31,2,14,3,2,10
useful,31,7,6,10,5,3
whistle,31,21,1,2,5,2
ass,30,5,5,2,8,10
attach,30,18,1,2,8,1
behalf,30,6,1,15,6,2
consequence,30,2,4,7,11,6
content,30,7,1,6,2,14
dice,30,18,3,2,5,2
gentle,30,9,2,13,5,1
impressed,30,12,3,4,10,1
repair,30,9,6,4,8,3
stake,30,5,1,6,14,4
tale,30,9,1,10,9,1
blast,29,6,1,6,11,5
communication,29,13,4,1,8,3
disappointed,29,15,2,1,8,3
drill,29,14,4,2,3,6
entertain,29,15,1,3,5,5
executive,29,2,1,1,23,2
fence,29,11,10,1,6,1
hostage,29,2,2,14,10,1
instruction,29,7,2,4,13,3
intelligence,29,17,2,2,6,2
inventory,29,1,11,1,14,2
mouse,29,14,1,3,8,3
particularly,29,12,5,7,4,1
procedure,29,11,3,4,9,2
profile,29,16,3,1,6,3
raid,29,1,4,16,2,6
resume,29,6,1,1,20,1
sacred,29,7,2,17,2,1
stable,29,6,3,15,1,4
therefore,29,15,5,1,5,3
tune,29,6,4,1,17,1
walking,29,14,4,5,5,1
badly,28,9,3,7,8,1
behind,28,7,5,6,7,3
complex,28,16,1,1,6,4
confirm,28,12,3,1,10,2
courtesy,28,3,10,10,4,1
distraction,28,5,1,10,10,2
hack,28,10,1,6,1,10
hill,28,5,2,12,7,2
infection,28,16,1,2,7,2
lazy,28,4,2,3,11,8
lemon,28,14,3,6,4,1
lure,28,10,3,7,7,1
operate,28,9,4,1,11,3
pleasant,28,14,2,9,2,1
production,28,11,5,2,6,4
relief,28,8,6,6,5,3
reputation,28,11,2,11,1,3
server,28,7,2,1,2,16
smarter,28,16,1,4,4,3
violence,28,2,6,11,4,5
abuse,27,7,6,6,3,5
alley,27,12,1,4,3,7
ash,27,3,1,16,5,2
celebration,27,6,2,4,14,1
citizen,27,3,3,4,7,10
communicate,27,13,1,2,8,3
dip,27,14,2,1,8,2
drum,27,4,1,6,10,6
heaven,27,11,1,2,10,3
identity,27,4,5,2,11,5
ingredient,27,13,5,1,6,2
mm,27,17,2,1,6,1
nasty,27,4,4,6,9,4
running,27,9,2,6,7,3
significant,27,14,2,6,3,2
told,27,8,3,7,7,2
addition,26,9,1,1,13,2
appearance,26,11,5,3,6,1
behave,26,10,2,4,8,2
chaos,26,5,2,5,1,13
curiosity,26,16,1,4,3,2
darling,26,3,4,7,4,8
decade,26,16,1,2,2,5
gotten,26,11,2,3,9,1
intention,26,4,5,11,4,2
league,26,5,2,6,12,1
method,26,10,4,1,9,2
ounce,26,5,14,1,4,2
patrol,26,1,3,18,2,2
proceed,26,6,5,1,8,6
puppet,26,11,1,1,12,1
scrub,26,6,2,9,6,3
shelter,26,2,1,9,12,2
silent,26,4,4,9,8,1
similar,26,14,1,4,6,1
slap,26,11,1,4,7,3
stare,26,13,1,4,4,4
urge,26,15,1,6,1,3
useless,26,6,4,6,7,3
vehicle,26,8,12,2,1,3
wealthy,26,7,1,13,3,2
wrist,26,9,2,4,7,4
acknowledge,25,12,2,1,8,2
bucket,25,13,2,3,6,1
disappointing,25,15,1,3,5,1
embarrassing,25,11,1,1,8,4
fort,25,15,1,1,7,1
grape,25,8,2,2,12,1
instinct,25,6,1,4,10,4
investigate,25,2,8,1,7,7
loan,25,6,2,4,7,6
luckily,25,15,2,5,2,1
minor,25,7,5,1,8,4
negotiate,25,1,6,14,2,2
noon,25,5,3,1,13,3
painful,25,8,2,3,11,1
patience,25,7,1,10,5,2
plug,25,8,2,1,12,2
prime,25,12,4,1,3,5
relation,25,8,3,4,8,2
retreat,25,8,1,8,7,1
rib,25,7,2,1,12,3
safely,25,5,3,12,3,2
shark,25,3,1,5,13,3
stroke,25,10,4,4,6,1
supper,25,2,1,19,1,2
visitor,25,5,8,4,5,3
wagon,25,3,3,15,3,1
worse,25,5,4,6,7,3
axe,24,9,2,10,2,1
concept,24,11,3,4,3,3
custody,24,1,12,4,3,4
daily,24,5,3,4,11,1
extend,24,11,5,4,3,1
foolish,24,17,2,2,1,2
glue,24,15,1,1,4,3
incident,24,2,7,2,11,2
knot,24,8,1,2,12,1
moron,24,2,3,3,14,2
near,24,10,5,6,1,2
observe,24,16,1,2,4,1
passion,24,5,1,5,9,4
pinch,24,7,4,2,1,10
protector,24,1,1,20,1,1
reconsider,24,7,4,7,5,1
satisfy,24,16,3,1,3,1
stain,24,11,2,4,3,4
unfortunate,24,6,5,6,5,2
valid,24,16,1,2,4,1
alternate,23,17,1,1,3,1
assign,23,10,1,3,7,2
bum,23,4,5,1,10,3
cage,23,9,1,6,6,1
coast,23,7,1,5,7,3
contribute,23,7,2,4,7,3
direct,23,9,5,1,6,2
disrespect,23,2,4,4,7,6
gesture,23,11,2,2,6,2
haunt,23,7,2,4,9,1
ideal,23,11,1,1,6,4
lid,23,8,3,1,8,3
motivate,23,3,4,1,11,4
pace,23,12,2,3,4,2
perspective,23,8,1,6,7,1
religious,23,10,1,4,6,2
shine,23,9,2,1,3,8
slight,23,8,2,4,8,1
surely,23,6,1,12,3,1
underestimate,23,4,1,8,8,2
vicious,23,6,2,10,3,2
achieve,22,12,1,1,5,3
alike,22,6,1,6,7,2
assault,22,6,3,3,2,8
badge,22,5,5,5,2,5
bargain,22,5,2,10,4,1
carrot,22,9,4,1,7,1
cheek,22,10,2,3,6,1
collapse,22,3,2,10,3,4
correctly,22,7,3,4,6,2
demonstrate,22,11,1,1,8,1
effective,22,7,5,1,8,1
erase,22,8,1,4,2,7
expand,22,6,5,2,6,3
forth,22,6,7,1,3,5
leaf,22,8,3,4,6,1
logic,22,12,2,2,5,1
logical,22,14,2,1,4,1
meantime,22,7,8,2,2,3
moral,22,9,1,1,6,5
needle,22,8,5,4,2,3
organize,22,10,2,3,6,1
possess,22,11,1,5,3,2
rival,22,6,2,9,1,4
rope,22,5,1,8,6,2
structure,22,15,1,2,3,1
understandable,22,13,2,1,3,3
adjust,21,9,4,2,5,1
advanced,21,12,1,2,5,1
bathtub,21,14,4,1,1,1
criticize,21,12,1,1,2,5
empire,21,5,9,3,2,2
following,21,12,2,1,4,2
holy,21,2,1,13,2,3
ink,21,5,2,2,10,2
narrow,21,12,1,4,1,3
overnight,21,9,2,2,6,2
pepper,21,9,1,1,6,4
plain,21,5,3,3,5,5
range,21,4,4,6,5,2
resolve,21,11,4,1,4,1
scout,21,3,2,11,4,1
somewhat,21,11,2,3,2,3
survival,21,4,1,11,2,3
temple,21,10,1,7,2,1
tutor,21,1,2,3,2,13
unique,21,11,1,2,6,1
unusual,21,10,3,1,6,1
vengeance,21,3,3,13,1,1
violation,21,7,2,2,6,4
active,20,7,2,1,3,7
construction,20,7,1,1,9,2
ease,20,6,3,3,3,5
extreme,20,2,2,4,8,4
glow,20,13,1,1,4,1
legacy,20,2,5,10,1,2
misunderstanding,20,9,5,1,4,1
nerve,20,14,1,1,3,1
network,20,9,6,1,1,3
nursery,20,7,1,1,6,5
rank,20,5,1,4,9,1
sand,20,6,3,3,5,3
shell,20,5,3,1,8,3
shortly,20,4,2,7,5,2
stamp,20,3,1,3,4,9
strap,20,8,1,4,4,3
studio,20,3,1,1,11,4
sweep,20,5,3,5,4,3
tribe,20,2,1,6,4,7
vein,20,6,1,9,3,1
wherever,20,4,2,9,3,2
bake,19,10,1,1,5,2
blend,19,10,1,3,4,1
buckle,19,13,2,1,2,1
buying,19,6,2,1,6,4
column,19,5,5,1,7,1
compassion,19,7,1,2,4,5
complicated,19,8,1,4,5,1
distant,19,6,1,2,6,4
exception,19,7,2,3,6,1
filthy,19,3,6,6,3,1
peek,19,9,4,1,3,2
poem,19,5,2,1,8,3
possession,19,10,5,2,1,1
pronounce,19,9,2,2,4,2
simpler,19,9,1,1,3,5
torch,19,4,2,7,3,3
transport,19,7,2,3,3,4
understood,19,3,5,6,3,2
brief,18,9,1,2,5,1
civil,18,4,2,3,4,5
clothing,18,6,3,3,5,1
cough,18,3,7,2,5,1
doom,18,8,1,7,1,1
essence,18,6,1,6,2,3
hidden,18,6,1,8,1,2
importantly,18,10,1,1,4,2
independent,18,9,2,3,2,2
influence,18,3,1,6,6,2
learning,18,8,3,3,2,2
memorize,18,4,1,2,10,1
originally,18,8,1,4,4,1
outrage,18,3,2,2,2,9
spice,18,8,2,2,1,5
talented,18,6,1,1,9,1
vouch,18,2,4,7,3,2
wilderness,18,3,1,5,8,1
wrath,18,8,1,3,1,5
broke,17,3,3,1,7,3
climate,17,1,1,4,6,5
critical,17,8,1,1,5,2
gently,17,7,1,5,3,1
harass,17,3,2,1,2,9
harsh,17,8,1,2,4,2
hopefully,17,3,3,1,5,5
improvement,17,6,2,3,5,1
inspiration,17,5,1,3,5,3
interfere,17,6,3,1,5,2
jaw,17,4,1,7,2,3
lousy,17,12,2,1,1,1
obsess,17,8,1,1,4,3
overcome,17,6,1,5,3,2
recover,17,7,1,2,4,3
scrap,17,8,2,4,2,1
skeleton,17,7,1,3,5,1
sunset,17,5,3,3,5,1
unknown,17,7,2,2,4,2
vulnerable,17,9,1,4,2,1
wander,17,9,2,3,1,2
writer,17,2,1,3,4,7
applause,16,1,1,1,12,1
bolt,16,3,3,7,1,2
breathing,16,6,2,2,4,2
cloud,16,4,1,4,5,2
confession,16,4,2,4,5,1
consume,16,6,1,7,1,1
crab,16,5,1,2,3,5
description,16,6,1,2,5,2
dispute,16,4,3,3,5,1
employer,16,1,8,2,4,1
flaw,16,10,1,1,3,1
hail,16,3,1,6,4,2
harmless,16,9,1,1,2,3
household,16,6,2,2,1,5
liability,16,5,3,3,4,1
messy,16,4,1,2,8,1
naturally,16,6,2,1,6,1
precisely,16,7,3,4,1,1
screaming,16,4,3,6,2,1
shovel,16,2,5,4,3,2
silk,16,2,1,11,1,1
supposed,16,4,5,1,2,4
tense,16,7,1,3,4,1
tuck,16,8,2,1,3,2
warmer,16,5,2,1,6,2
womb,16,6,1,4,3,2
writing,16,4,2,2,5,3
alternative,15,4,2,1,3,5
charming,15,6,1,2,5,1
decency,15,4,1,5,2,3
delicate,15,6,1,2,5,1
disrespectful,15,6,2,3,3,1
eager,15,2,2,6,4,1
fabric,15,7,1,3,2,2
institution,15,7,1,2,2,3
leftover,15,3,1,5,4,2
organization,15,1,1,1,8,4
overly,15,7,3,2,1,2
proven,15,6,2,2,4,1
shed,15,8,1,3,2,1
spoke,15,1,3,8,2,1
straw,15,5,1,3,2,4
unable,15,7,2,1,2,3
whine,15,7,2,1,2,3
worthless,15,4,1,3,6,1
beating,14,3,2,3,4,2
besides,14,4,2,1,4,3
bidding,14,3,1,4,5,1
bluff,14,4,2,1,6,1
bulk,14,2,4,3,3,2
closed,14,5,1,2,3,3
closely,14,2,2,2,7,1
dent,14,6,3,1,3,1
deserves,14,3,1,2,7,1
disposal,14,3,7,1,2,1
dough,14,6,1,1,5,1
dying,14,4,2,5,2,1
flexible,14,7,1,1,4,1
greedy,14,1,7,3,1,2
haul,14,2,4,1,5,2
hiding,14,5,1,4,2,2
illness,14,5,1,1,5,2
instant,14,3,1,2,7,1
laughing,14,2,2,1,7,2
payment,14,1,3,5,3,2
praise,14,1,1,3,2,7
rattle,14,2,3,3,3,3
substantial,14,6,4,1,2,1
subtle,14,6,1,1,5,1
sunshine,14,8,1,1,3,1
assistance,13,5,2,3,1,2
clap,13,3,1,2,6,1
consult,13,5,1,4,1,2
crust,13,8,1,1,2,1
drain,13,3,1,3,3,3
epic,13,3,1,1,6,2
filth,13,1,1,8,1,2
gutter,13,2,1,8,1,1
layer,13,4,3,2,3,1
plead,13,2,2,6,1,2
poker,13,1,2,1,7,2
producer,13,1,1,6,3,2
salmon,13,5,2,1,4,1
satisfaction,13,4,2,2,3,2
scheme,13,2,1,5,4,1
secretly,13,6,1,1,4,1
sent,13,4,1,5,1,2
strict,13,4,1,1,6,1
successfully,13,3,1,1,5,3
torn,13,5,1,3,2,2
tray,13,6,3,1,2,1
trustworthy,13,2,2,5,3,1
watching,13,3,1,1,4,4
conspiracy,12,1,1,2,4,4
dye,12,1,1,1,3,6
finance,12,5,1,1,3,2
hopeless,12,4,2,1,3,2
lever,12,3,1,2,4,2
precise,12,6,3,1,1,1
prey,12,4,2,4,1,1
residence,12,3,3,2,2,2
satisfied,12,1,2,3,3,3
swap,12,4,3,2,1,2
troubled,12,5,2,3,1,1
undo,12,2,1,2,6,1
accusation,11,1,4,1,3,2
apparent,11,5,1,1,1,3
convenient,11,2,1,2,2,4
convinced,11,2,4,2,1,2
depth,11,4,1,2,3,1
foam,11,3,1,1,3,3
immune,11,3,2,2,3,1
judgmental,11,4,1,1,3,2
lookout,11,4,1,4,1,1
naive,11,7,1,1,1,1
shatter,11,2,1,3,4,1
underground,11,2,1,2,2,4
western,11,6,1,2,1,1
accountable,10,1,1,2,4,2
destruction,10,2,1,3,2,2
detour,10,3,4,1,1,1
eleven,10,4,2,1,2,1
involved,10,2,1,2,2,3
older,10,1,1,3,1,4
overwhelm,10,2,2,1,4,1
paradise,10,4,1,1,3,1
reel,10,3,1,1,3,2
refreshment,10,2,2,2,3,1
rhythm,10,3,1,1,4,1
sober,10,3,1,3,1,2
stir,10,3,1,2,3,1
union,10,1,1,2,4,2
unlock,10,2,1,2,2,3
waterfall,10,6,1,1,1,1
await,9,1,1,2,2,3
breaking,9,2,1,1,4,1
conclude,9,4,1,2,1,1
defensive,9,2,1,1,2,3
lieutenant,9,3,1,2,1,2
overdue,9,2,1,1,4,1
plow,9,1,3,3,1,1
preach,9,1,2,2,1,3
protective,9,4,1,1,1,2
rack,9,5,1,1,1,1
remotely,9,2,1,1,1,4
ruthless,9,2,1,2,2,2
thoroughly,9,3,1,3,1,1
toll,9,1,2,3,2,1
unwanted,9,5,1,1,1,1
wondering,9,1,3,1,2,2
yank,9,3,2,2,1,1
actively,8,2,1,1,1,3
cleanse,8,2,1,2,2,1
detailed,8,4,1,1,1,1
dumber,8,2,1,2,1,2
fury,8,1,1,3,1,2
known,8,1,1,1,4,1
lace,8,2,1,2,2,1
oversee,8,2,2,1,2,1
pretending,8,3,1,1,1,2
spine,8,4,1,1,1,1
stalk,8,3,1,1,2,1
judging,7,2,2,1,1,1
patron,7,2,1,2,1,1
repeatedly,7,2,1,2,1,1
softly,7,1,1,3,1,1
defender,6,1,2,1,1,1
legs,6,2,1,1,1,1
raspberry,6,1,1,1,2,1
whiff,6,1,2,1,1,1
healing,5,1,1,1,1,1
rake,5,1,1,1,1,1
stunt,5,1,1,1,1,1
